title,subreddit
Young Dro Reportedly Arrested After Throwing Banana Pudding at Girlfriend,0
"Tofurky and ACLU cook up suit against Arkansas law banning ""veggie burger"" labels",0
"Trump baits John Bolton in front of officials by saying 'you want to nuke them all', report says",0
Watermelons to Replace Piglets in California Fair Event,0
Mysterious ‚Äòuntouched‚Äô In-N-Out burger found lying on Queens (NY) street,0
The body of a man who went missing 10 years ago was found behind a grocery store cooler,0
Macy‚Äôs pulls plates after being accused of body-shaming,0
Woman Married To Pirate Spirit Filing For Divorce,0
Evangelical Writer Who Influenced Purity Culture Announces Separation From Wife,0
"Woolly mammoths went extinct 4,000 years ago ‚Äî now governments want to protect them",0
Mysterious ‚Äòuntouched‚Äô In-N-Out burger found lying on Queens street,0
Macy's pulls body shaming dinner plates,0
Salmon trapped in Canada landslide to be airlifted to safety,0
Islamic suicide bomber trainer accidentally blows up his entire class,0
Lawyer Who Jumped Off New Courthouse: 'I Made A Terrible Mistake',0
RCMP Apologizes After Streaming Press Conference on Double Slaying With Cat Filter Activated,0
Police Investigate Stabbing in Killingworth,0
Naperville attorney pleads guilty to parachuting off Will County courthouse,0
Gizmo the Chihuahua 'seized and taken away by seagull',0
"Chance the Snapper Finally Caught Trapper, Throwing out First Pitch at Cubs Game",0
Driver in clown mask holding prop chain saw arrested after police chase ends on beach,0
Man Dressed as Clown Leads Police on 35-mile Chase While Standing Up Through Sunroof,0
An Indiana mom was arrested last week for allegedly leaving her toddler in a hot car during an interview with the Department of Child Services.,0
MAN DRESSED AS CLOWN LEADS POLICE ON 35-MILE CHASE WHILE STANDING UP THROUGH SUNROOF,0
Double booked renaissance fair and metal festival goes unnoticed by attendees,0
CALIFORNIA DEMOCRATS: illegal immigrants deserve the right to run for office and vote in California,0
"Trucker was watching porn before wreck that killed Minn. highway worker, police say",0
Asylum Seekers That Followed Trump Rule Now Don‚Äôt Qualify Because of New Trump Rule,0
An Indiana mom was arrested last week for allegedly leaving her toddler in a hot car during an interview with the Department of Child Services.,0
Tensions flare as gloating Canadian insists his position on chocolate milk has been vindicated by science,0
"'Outrageous': Convicted criminals serve as Alaskan police amid public safety crisis, investigation finds",0
"Unhappy with Juba‚Äôs governance? Go hang yourselves, South Sudanese told",0
"If you flush drugs down the toilet, you could be creating 'meth gators,' police in Tennessee say",0
An Indiana mom was arrested last week for allegedly leaving her toddler in a hot car during an interview with the Department of Child Services.,0
Angry man shoots at naked bicyclists with paintball gun during World Naked Bike Ride,0
"Tofurky and ACLU cook up suit against Arkansas law banning ""veggie burgers""",0
A Florida city blasts 'Baby Shark' overnight to deter homeless people from sleeping in a park,0
"The Onion said Bill Pascrell wanted to join squad of congresswomen. Then, AOC let him in",0
Netflix is getting a samurai anime from country singer Sturgill Simpson,0
Rap Artist Young Dro Reportedly Arrested After Throwing Banana Pudding at Girlfriend,0
"I spent over $200 on shipping costs for a Tupperware container of dirt from Texas. I‚Äôm stationed in Italy and my wife is pregnant, the idea is to hide the container under her hospital bed so my son will be born over Texas land.",0
Thailand Announces Plans To Make Pot a Top Priority &amp; Promote Cannabis Tourism,0
New Baltimore deputy police commissioner robbed at gunpoint near Patterson Park,0
One Title Two Meanings,0
Indiana mom arrested for leaving child in hot car during interview with Child Protective Services.,0
"Trump store sells more than 140,000 plastic straws in dig at 'liberal paper straws'",0
Chainsaw Clown's Strange CHP Chase Ends Shockingly,0
Netflix is getting a samurai anime from country singer Sturgill Simpson,0
Man steals woman‚Äôs car on date and uses it for another date,0
"Woman spills wine on clothes, 'saves' outfit by pouring more",0
Iran's Ahmadinejad to Jewish journalist: I'm not an anti-Semite,0
Aggressive seagulls are swarming the beach and it‚Äôs your fault,0
Uneaten 'In-N-Out' burger mysteriously found on Queens street,0
Massachusetts police ask residents to refrain from crime until after the heat wave passes,0
Young Dro arrested after allegedly throwing banana pudding at girlfriend,0
Police - please hold off on committing crimes until Monday when it's cooler,0
Jacoby Ellsbury Is Currently Expected to Be Out Through 8/31 Which Hurts His Fantasy Value,0
Police Admit They Were Totally Just Joking About Those ‚ÄòMeth-Gators‚Äô,0
Man suspected of gunning down reputed mob boss mistook him as 'deep state' figure,0
U.S. NEWS Man suspected of gunning down reputed mob boss mistook him as 'deep state' figure,0
Turns out the 'burglar' that broke into a home was a real turkey,0
Family 'really upset' as seagull steals dog from garden,0
Amanda Teague who 'married ghost' gets divorce after he 'tried to kill her',0
https://m.independent.ie/world-news/europe/britain/family-really-upset-as-seagull-steals-dog-from-garden-38333475.html,0
Ricky Gervais called ‚ÄòTransphobe‚Äô for defending women refusing to wax Trans Women‚Äôs penis.,0
There's a Warning for the Thousands Who Signed Up to 'Storm Loch Ness' Because 'Nessie Can't Hide From Us All',0
"Don't call 911 to complain about an ice-cream truck, Peel police say",0
Cat filter accidentally gets activated during press conference for double murder.,0
"Police use cat filter during press conference on a double homicide in BC, Canada",0
YOUNG DRO ARRESTED FOR ALLEGEDLY THROWING PUDDING AT GIRLFRIEND: REPORT,0
"'Storm Loch Ness': After Raiding Area 51, People Want To Hunt The Legendary Monster",0
Woman Plans to Marry 91 Year Old Chandelier Named Lumiere,0
Family really upset as seagull steals dog from garden,0
President Trump shows up at Trump themed wedding,0
Alternate Idea: Man Behind the Area 51 Raid Thinks an EDM Festival With 'Up and Coming' Guys Could Work Instead,0
Cambria County man charged after photographing himself with cats on his genitals,0
Canadian police accidentally stream press conference announcing homicide using cat filter,0
Mysterious ‚Äòuntouched‚Äô In-N-Out burger found lying on Queens street,0
Award-winning lamb at Logan County Fair under investigation for performance-enhancing drugs,0
RCMP Apologizes After Streaming Press Conference on Double Slaying With Cat Filter Activated,0
Mum who married ghost is getting a divorce after he tried to kill her,0
Trump crashes Trump themed wedding,0
Heat wave has police asking criminals to take a ‚Äòbreak‚Äô for the weekend,0
An Indiana mom was arrested last week for allegedly leaving her toddler in a hot car during an interview with the Department of Child Services.,0
"Murderer released after being deemed too old to kill again, kills again",0
"Amid allegations of unpaid taxes, neo-Nazism, and sex offender, Denver furry convention canceled",0
An Indiana mom was arrested last week for allegedly leaving her toddler in a hot car during an interview with the Department of Child Services.,0
Cat filter accidentally gets activated during press conference for double murder,0
The Best Algorithms Still Struggle to Recognize Black Faces,0
An Indiana mom was arrested last week for allegedly leaving her toddler in a hot car during an interview with the Department of Child Services.,0
Massachusetts police ask residents to refrain from crime until after the heat wave passes,0
Airline Apologizes After Tweeting About Which Seats You're Least Likely to Die In,0
Cops apologize after cat filter was used on video about NC woman‚Äôs slaying in Canada,0
Man who claimed to have been abused by Westminster paedophile ring convicted of perverting course of justice and fraud,0
Heat wave has police asking criminals to take a ‚Äòbreak‚Äô for the weekend,0
"7-Eleven pledges $7,111 to college fund of baby born on 7-11 at 7:11 pm, weighing 7 pounds and 11 ounces",0
Indiana mom allegedly left child in hot car during interview with Department of Child Services,0
Prisoners Serve as Police During Alaskan Safety Crisis,0
Canadian Police Accidentally Livestream Double Homicide Press Conference Using Facebook's Cat Filter,0
"Suspect killed when drunken driver crashes into patrol car along Westpark Tollway, deputies say",0
"In a recently resurfaced recording, Trump proposed a white-versus-black-contestant season of 'The Apprentice'",0
"Court: Man tried to shave woman‚Äôs chin at Tampines East MRT, causing superficial cut",0
An Indiana mom was arrested last week for allegedly leaving her toddler in a hot car during an interview with the Department of Child Services.,0
'What did you order?': Christian publisher CBD changes name after cannabis queries,0
Monads for Go Programmers,0
Pub with the longest name in the UK moves next door to bar with shortest,0
Gizmo the Chihuahua 'seized and taken away by seagull',0
DUI Suspect killed when another drunk driver crashes into patrol car carrying suspect,0
"Drunk men ‚Äòkidnap‚Äô traffic cop, take him on ‚Äòjoyride‚Äô",0
Owners of Huge Noah‚Äôs Ark Replica File Lawsuit Over Rain Damage,0
Seagull carries away dog from garden in Devon,0
Seagull carries away dog from garden in Devon,0
An Indiana mom was arrested last week for allegedly leaving her toddler in a hot car during an interview with the Department of Child Services.,0
Be careful because Peppa pig will chin you out,0
"Suspect killed when drunk driver crashes into patrol car along Westpark Tollway, deputies say",0
Lamb under investigation for performance-enhancing drugs after winning competition,0
Louisiana Police Officer Suggests Alexandria Ocasio-Cortez Be Shot In Facebook Post,0
"Former LSU lineman Matt Branch nearly died, lost his leg after shot by his dog on a hunting trip.",0
"Pastor says he was sucking demons out of men he sexually assaulted, lawsuit claims",0
Trump's campaign offered 10 plastic straws for $15 because 'liberal paper straws don't work' ‚Äî and they just sold out,0
Serb hoping for date with flight attendant confesses to Lufthansa bomb threat,0
Mysterious 'untouched' In-N-Out burger found lying on Queens Street,0
Police apologize after cat filter was used during a double homicide press conference,0
Seagull steals pet chihuahua from garden,0
Devon girl 'really upset' after seagull snatches Gizmo the chihuahua from garden,0
Humans will eat maggot sausages as a meat alternative: scientists,0
A 6 year old girl is upset after a seagull snatched her mini chihuahua from her back garden,0
Comedian Manjunath Naidu collapses and dies on stage in Dubai. Audience thinks it is part of act,0
Ukraine election: rock star set for coalition talks with comedian-turned-president,0
"An elderly man who can't feel his feet gets his right toe chewed off by a small Chihuahua. 2 years later it chews off his left toe. Wife says, ‚ÄòWe‚Äôll put you down before we put the dog down‚Äô",0
"Murderer released after being deemed too old to kill again, kills again",0
Citro√´n Germany renames itself Zitr√∂n to sound more appealing to german ears,0
Seagull carries away dog from garden in Devon,0
Citro√´n Germany renames itself Zitr√∂n to sound more appealing to german ears,0
Unlicensed ‚Äúhealth coach‚Äù claims health advice is free speech‚Äîcourt disagrees,0
Boris Johnson: 'can-do spirit' can solve problem of Irish border,0
Londoners 'skipping work because they cannot afford the commute',0
Police Department Apologizes for Cat Filter on Recording of Double Homicide Press Conference,0
Convicted criminals serve as Alaskan police amid public safety crisis,0
"Man dies in 'freak accident' after wave causes him to break his neck, wife says",0
"‚ÄòIf others have rifles, we‚Äôll have rifles‚Äô: why leftist groups are taking up arms",0
Donald Trump proposed a ‚Äòblacks against whites‚Äô season of The Apprentice,0
Flight Delayed After Passenger Reports Professor's Math Equations as Suspicious,0
Massachusetts police ask residents to refrain from crime until after the heat wave passes,0
Family 'really upset' as seagull steals dog from garden,0
Every cop in this village has been convicted of domestic violence,0
"10k People have signed up to defend against Area 51 raid, dressed as MIB agents.",0
Semi driver was viewing porn on phone when he fatally hit highway worker in Minnesota,0
Desperate search for missing chihuahua dog that was swooped on and carried away by seagull in Devon garden,0
President Trump's 2020 Campaign Is Now Selling Plastic Straws: 'Liberal Paper Straws Don't Work,0
Kira and The god Snake Part 3 - Fairy Tales Story in Hindi - ‡§¨‡§ö‡•ç‡§ö‡•ã‡§Ç ‡§ï‡•Ä ...,0
Um...,0
"'Outrageous': Convicted criminals serve as Alaskan police amid public safety crisis, investigation finds",0
"Missing toddler drives self back to County Fair, not done with Tilt-a-Whirl.",0
Kira and The god Snake Part 3 - Fairy Tales Story in Hindi - ‡§¨‡§ö‡•ç‡§ö‡•ã‡§Ç ‡§ï‡•Ä ...,0
‡§ï‡•Ä‡§∞‡§æ ‡§ï‡•á ‡§¨‡§æ‡§∞‡•á ‡§Æ‡•á‡§Ç ‡§ï‡§π‡§æ‡§®‡•Ä | Moral Stories for Kids | Cartoon For Children |...,0
Salmon trapped in Canada landslide to be airlifted to safety,0
Burglars lift $2 million worth of body shaping ‚Äúfaja‚Äùundergarments,0
‡§ï‡•Ä‡§∞‡§æ ‡§ï‡•á ‡§¨‡§æ‡§∞‡•á ‡§Æ‡•á‡§Ç ‡§ï‡§π‡§æ‡§®‡•Ä | Moral Stories for Kids | Cartoon For Children |...,0
‡§ï‡•Ä‡§∞‡§æ ‡§ï‡•á ‡§¨‡§æ‡§∞‡•á ‡§Æ‡•á‡§Ç ‡§ï‡§π‡§æ‡§®‡•Ä | Moral Stories for Kids | Cartoon For Children |...,0
‡§ï‡•Ä‡§∞‡§æ ‡§ï‡•á ‡§¨‡§æ‡§∞‡•á ‡§Æ‡•á‡§Ç ‡§ï‡§π‡§æ‡§®‡•Ä | Moral Stories for Kids | Cartoon For Children |...,0
‡§ï‡•Ä‡§∞‡§æ ‡§ï‡•á ‡§¨‡§æ‡§∞‡•á ‡§Æ‡•á‡§Ç ‡§ï‡§π‡§æ‡§®‡•Ä | Moral Stories for Kids | Cartoon For Children |...,0
"Florida man breaks into home, tied up wife‚Äôs lover, cut off penis",0
Italy election: 'White race' remark sparks row,0
Salmon trapped in Canada landslide to be airlifted to safety,0
"Each month, thousands of witches cast a spell against Donald Trump",0
BGR: FDA warns that ‚ÄòBig Penis‚Äô supplement works a little *too* well.,0
Three-Year-Old Boy Electrocuted In East Delhi,0
"'Outrageous': Convicted criminals serve as Alaskan police amid public safety crisis, investigation finds",0
"Woman invents chair that prevents comfort, wins award.",0
Student creates chair to put an end to 'manspreading',0
Search for Missing Teenager in Vatican Cemetary Unearths Thousands of Bones,0
Farmers Earn More From YouTube Than Their Crops,0
Safe Deposit Boxes Aren‚Äôt Safe,0
Jim Herman credits putting advice from President Trump for his victory in the Barbasol Championship,0
Kira Kira and The god Snake Season 2 - Fairy Tales Story in Hindi - ‡§¨‡§ö‡•ç‡§ö...,0
Massachusetts police ask residents to 'hold off' on crime until heat wave is over,0
Decades long search for missing girl reveals thousands of bones at Vatican,0
Cat filter mistakenly applied during police news conference on double murder,0
RCMP Apologizes After Streaming Press Conference on Double Slaying With Cat Filter Activated,0
Trump reportedly might have got 'spun up' watching Fox &amp; Friends before sending racist tweets,0
Man dressed as Joker leads California police on wild chase,0
Trans Woman Shutters Immigrant‚Äôs Business For Refusing To Wax Male Genitalia | The Daily Caller,0
QAnon believer murders Gambino family Don.,0
Police urge residents not to misuse 911 after receiving complaints of ice cream trucks,0
White GOP congressman says he isn't offended by racist Trump tweets because 'I'm a person of color',0
Taylor Swift Block Vote May Be In Jeopardy For Kamala Harris,0
'Liberal paper straws don‚Äôt work': Trump campaign starts selling plastic drinking straws,0
Dog abducted by seagull,0
Londoners 'skipping work because they cannot afford the commute',0
"Kids could end up in foster care over unpaid school lunch bills, district says in letter",0
Oliver Stone Asks Vladimir Putin to Be His Daughter‚Äôs Godfather,0
Area 51 Raid Prompts Official Lessons on Naruto Running,0
Gendered language like ‚Äòmanhole‚Äô will soon be banned from one city‚Äôs codes,0
"Pennsylvania school district tells parents to pay their lunch debt, or their kids will go into foster care",0
Man loads drone with fireworks and starts firing at friends ‚Äòfor not inviting him to BBQ‚Äô,0
Trump Seizes On Soggy Paper Straws As Campaign Issue: 'Make Straws Great Again',0
"Woman to marry light of her life, Lumiere her chandelier",0
Cuyahoga County Common Pleas Court judge had to be told to stop vaping on the bench,0
Cops apologize after cat filter was used on video about NC woman‚Äôs slaying in Canada.,0
"Feminism Disaster: This Gorilla At The Zoo Clearly Has, Like, Six Wives",1
Clearing Things Up: KISS Has Announced That All Of Their Sex Songs Are About Having Sex With Human Women Even Though They‚Äôre Dressed Up As Demons And Aliens And A Cat,1
"World Urges Israelis, Palestinians To Focus Mutual Hatred On Region's Bah√°'√≠ Peoples",1
"July 21, 1969",1
Holy Shit! Man Walks on Fucking Moon.,1
Trump Claims He Tried To Warn Public About Epstein By Praising Him As A Terrific Guy,1
House Passes Resolution Overnight Apologizing If Precious Racism Resolution Came Off Too Harsh,1
Trump Supporters Worried Racist Attacks Against Progressive Democrats Just Talk,1
Weather Channel Correspondent Paddling Boat Through Melted Sidewalk To Show Off Extent Of Heat Wave,1
Dying Lion Sure Doesn't Feel As Though He's Completing Some Great Cosmic Circle,1
Dying Lion Sure Doesn‚Äôt Feel As Though He‚Äôs Completing Some Great Cosmic Circle,1
Federal Officials Investigating Man Posting Racist Attacks Online Armed With Millions Of Explosives,1
Trump Campaign Store Offering Special Disavowed Discount On All ‚ÄòSend Her Back‚Äô Merchandise,1
Real Buzz Aldrin Spends 50th Straight Year On Moon Trying To Signal Earth To Warn Of Imposter,1
Political Talk Show Host Suddenly Very Interested In Manslaughter Law Loopholes,1
White Supremacists Warn Idealistic Trump Some Compromise Will Be Necessary To Achieve Their Goals,1
"‚ÄòNow I Understand How Nazi Germany Happened,‚Äô Says Astonished Man Finally Playing ‚ÄòWolfenstein 3D‚Äô",1
I made a satire on the AMR Ambulance Company the other day,1
Dozens Dead In Chicago-Area Meatwave,1
Kid Can‚Äôt Catch A Break: This 8-Year-Old Who Tragically Died Young Has Reincarnated As His Grandma‚Äôs Toilet,1
Unlikely Animal Friendship! This 55-Year-Old Man Is Dating A 23-Year-Old Woman,1
Just dont be there on July 28th.,1
Trump Disavows Supporters Who Could Barely Keep Racist Chant Going For 10 Seconds,1
Anyone‚Äôs Game: These Middle School Talent Show Judges Can‚Äôt Decide Which Of The Fat-Kid-And-Janitor Duos Who Tap-Danced ‚ÄòYou‚Äôve Got A Friend In Me‚Äô Should Win First Place,1
Pizza Crust Saved To Make Pizza Stock,1
Ruth Bader Ginsburg Suspended For Next 10 Rulings Following Supreme Court Bench-Clearing Brawl,1
John Oliver Annoyed After Discovering He The Only Non-CGI Character In ‚ÄòLion King‚Äô Remake,1
"7 Things I Do Every Day Before 9 A.M., Though You Should Know I‚Äôm Not Particularly Successful, Pretty Much Just A Regular Joe",1
The Master At Her Canvas: Mom Just Brought In A Pretty Average-Looking Rock From The Woods That She Says She Will Use In A ‚ÄòProject‚Äô,1
Shocking New Epstein Video Shows Pictures Moving All On Their Own,1
"5 Episodes Of ‚ÄòDiners, Drive-Ins And Dives‚Äô Where Guy Fieri Clearly Just Stopped Into The Restaurant Because He Desperately Needed To Use The Bathroom",1
It‚Äôs Time Video Games Stop Glorifying Violence And Go Back To Glorifying Whatever The Fuck Was Going On In ‚ÄòBurgerTime‚Äô,1
82-Year-Old New Jersey Congressman Bill Pascrell Quietly Asks Ilhan Omar If He Can Be Part Of The Squad,1
Cop Vows To Get Revenge On Eric Garner For Trying To Frame Him For Murder,1
Report: How About You Tell Us The Goddamn News For A Change?,1
Virginia Agrees To Remove Confederate Ghosts From State Capitol,1
"‚ÄòThis Here Is Probably Our Bestselling Love Seat,‚Äô Says Man Who Would Have Been Powerful, Revered Warrior 4,000 Years Ago",1
Memorial Honors Victims Of Imminent Dam Disaster,1
"The Creators Of ‚ÄòBlackfish‚Äô Are Releasing A New Documentary About How, On Second Thought, SeaWorld Doesn‚Äôt Make Sense Without Whales",1
Sad: This Kid‚Äôs Pinewood Derby Car Was Made Entirely By His Dad And It Still Sucks,1
The guardian is back in business boys,1
"Amazon Workers Attempting Walkout Enter 7th Hour Wandering In Ever-Expanding, Labyrinthian Warehouse",1
"Remorseful Beto O‚ÄôRourke Admits His Family Responsible For My Lai Massacre, Triangle Shirtwaist Factory Fire",1
"Sorry, We Couldn‚Äôt Find Anything Good: 7 Absolutely Dogshit Facts About Robin Williams",1
Sun Still Shining And People Laughing As Though Rip Torn Isn‚Äôt Dead,1
Man‚Äôs Existential Terror About Country‚Äôs Slide Towards Authoritarianism Sublimated Into Campaign To Get Journalist Fired For Tweet,1
Trump Supporters Worried Racist Attacks Against Progressive Democrats Just Talk,1
Heartbreaking: Tom DeLonge Posted A 4-Hour Video Of Himself Getting A Prostate Exam From Aliens But Everyone Ignored It Because He‚Äôs Been So Annoying With Alien Stuff For So Long It Doesn‚Äôt Really Stick,1
‚ÄòBig Little Lies‚Äô Producers Forced To Blur Reese Witherspoon's Face Out After Realizing She Never Signed Release,1
Al Queda Also Fed Up With Ground Zero Construction Delays,1
Tic-Tac-Toe Grandmaster Devises Brilliant New Gambit,1
"Hummingbird back at feeder again, grandmother reports",1
National Park Service Releases Detailed Guide On What Visitors Should Do Upon Encountering Squirrel,1
Jeffrey Epstein Offers Court $32 Million Child Pornography Collection As Bail,1
Ayahuasca Shaman Dreading Another Week Of Guiding Tech CEOs To Spiritual Oneness,1
Russell Westbrook Quietly Asks Rockets Team Doctor If He Needs To Make Free Throw To Pass Physical,1
"‚ÄòIt‚Äôs Not So Bad,‚Äô Mike Pence Reports On Conditions Of Detainment Center While Hazmat Suit Disinfected",1
"Oh no, you poor fool.",1
"Mike Pence Assures Detained Children That They Will Have Safe, Sanitary Conditions In Heaven",1
An Important Message: This Man With A Top Hat And Twisty Mustache Is Visiting Schools Warning Students About The Dangers Of Piloting Hot Air Balloons Under The Influence Of Dr. Fixit‚Äôs Vigor-Inducing Delousing Tonic And Quaffable Cure-All,1
R. Kelly Releases Emotional New Song Thanking Fans For Continued Acceptance Of Sex Crimes,1
Shameful: Salman Rushdie Used His Blurb For This Young Author‚Äôs Debut Novel To Advertise A Speedboat He‚Äôs Trying To Sell,1
Trump Honors Brave Heroes Who Slept With Wives Of Deployed Soldiers,1
Children agree not to get abducted after 8 PM so Amber Alert doesn‚Äôt wake anyone up,1
Paul Ryan Lauded For Inspiring Millions Of Young Gutless Fucking Cowards To Take On Leadership Roles,1
ICE Sends Agents Home With Sacks Of Flour To Practice What It Like Detaining Real Baby,1
"At The Peak Of My Fame, I Could Have Slept With Any Werewolf, Mummy, Or Ghoul I Wanted (By R.L. Stine)",1
Farewell To A Legend: Steve Harvey Has Rocketed Through The Roof Of His Studio In Shock After A Guest Told Him She Doesn‚Äôt Make Her Kids Do Chores,1
Family Comforted By Thought That Man‚Äôs Death Will Prevent Others From Climbing War Memorial To Pretend To Fuck Horse,1
Outraged Trump Declares He Would‚Äôve Gotten Jeffrey Epstein Way More Lenient Plea Deal,1
How To Buy Credit Card From Dark Web Without Scamming | Best Credit Cards Black Market Links 2019,1
Gynecologist Inserting IUD Promises Woman It Will Be Just A Quick Pinch And Then She‚Äôll Be On The Floor Unconscious: The Onion,1
Heartbreaking: This Man Finally Caught A T-Shirt From The T-Shirt Gun After 26 Years Of Trying But It Had A Picture Of His Wife Having Sex With The T-Shirt Gun Guy,1
The Saga Continues: J.K. Rowling Has Revealed That Ron Eventually Loses His Job For Calling Busy Philipps A Mudblood On Twitter,1
John Hickenlooper Sets Ambitious $250 Fundraising Goal For Next Debate Cycle,1
Serena Williams Fined $2000 For Eating Chair Umpire,1
ICE Agents Hurl Pregnant Immigrant Over Mexican Border To Prevent Birth On U.S. Soil,1
Frustrated Subway Marketers Scrap $150 Million Jeffrey Epstein Ad Campaign,1
"Man‚Äôs Crippling, Overpowering Need To Be Liked By Everyone Apparently Not Affecting His Behavior",1
4 Things Dustin Said About You‚Ä¶ Just Thought You Should Know‚Ä¶,1
Jeffrey Epstein Swears He Didn‚Äôt Know Sex-Trafficking Ring Was Underage,1
ICE Agents Hurl Pregnant Immigrant Over Mexican Border To Prevent Birth On U.S. Soil,1
Defense Attorneys Vow To Present Irrefutable Evidence Proving Jeffrey Epstein Billionaire,1
Heartbreaking: This Incel Got Plastic Surgery To Look Exactly Like Austin Powers But Still Can‚Äôt Find Women Willing To Sleep With Him,1
Area Man Has Naked-Lady Fetish,1
Man cuts eu flag after banning memes,1
How To Buy Credit Card From Dark Web Without Scamming | Best Credit Cards Black Market Links 2019,1
Worrying Trend of Electing Women to Positions of Power Continues,1
"Homeland Security allows bayonets, but ICE negates toothbrush for wooden teeth.",1
U.S. Flag Recalled After Causing 143 Million Deaths,1
Restoration Of 'Star Spangled Banner' Uncovers Horrifying New Verses,1
Entitled Burger King Employee Wants $15 An Hour Just For Dealing With Worst Of America Every Day,1
Historians Uncover Lost Socrates Dialogues Where He Just Gave Up And Started Screaming That Opponent A Fucking Brainwashed Shill,1
Important Policy Change: The Philadelphia Phillies Have Announced That The Phillie Phanatic Will Now Crawl Around On All Fours Like The Beast He Is,1
Little League Team Spends 18 Minutes Getting Ball Back To Pitcher,1
Extremely Effective Therapist Just Lets Patients Beat Shit Out Of Him For 45 Minutes,1
God Orders All Followers To Swallow Cyanide Capsules In Preparation For Voyage To Alpha Centauri,1
Finally Some Good News: Scientists Have Concluded That Climate Change Will Not Affect The Size Of This Kid‚Äôs Fascinatingly Humongous Head,1
"Old bras can be used to rescue injured turtles, Carolina Waterfowl Rescue says",1
Climate Change is no joke Jim,1
Why Reddit Restricts Pro-Trump Forum üò≤üò≤ - Daily Infinite,1
"Heartbreaking: Ellen DeGeneres Is Trying To Give Away $500,000 To Every Fan Who Comments ‚ÄòAmen‚Äô On A Poorly Spelled Facebook Post, But Everyone Thinks It‚Äôs A Scam",1
"CD Projekt Red Announces ‚ÄòCyberpunk 2077‚Äô Will Have A Gender-Neutral Character Creator, However Everyone Will Be Christian",1
"Experts Say Earliest Warning Signs Of Mental Health Issues Usually Crossing Eyes While Dribbling Finger On Lips, Saying ‚ÄòCuckoo, Cuckoo‚Äô",1
Good man,1
I‚Äôm so glad Uncle Joe is relevant again,1
Naked Andrew Yang Emerges From Time Vortex To Warn Debate Audience About Looming Threat Of Automation,1
TV Fans Rejoice! The Cast Of Friends Reunited To Form A Giant Mech Suit To Battle A Colossal Lizard Attacking L.A.,1
Highlights Of The Democratic Primary Debate Day 1,1
Breaking New Ground: Beto O‚ÄôRourke Has Become The First Presidential Candidate Available As A ‚ÄòSmash Ultimate‚Äô DLC Fighter,1
Breaking New Ground: Beto O‚ÄôRourke Has Become The First Presidential Candidate Available As A ‚ÄòSmash Ultimate‚Äô DLC Fighter,1
Cops Cleared On Corruption Charges After Implicating Decorated Police Dog,1
Historians Reveal Aqueducts Were Only Small Portion Of Ancient Rome‚Äôs Intricate Water Park System,1
How Gerrymandering Works,1
Driver Kind Of Bummed To See Other Car He Been Driving Behind For A While Take Exit Off Highway,1
Report: If Earth Continues To Warm At Current Rate Moon Will Be Mostly Underwater By 2400,1
"Presidential Debate Sidetracked By Booker, De Blasio Arguing About Best Place In Lower Manhattan To Get Tapas",1
13.5 Million Americans Tune In To Watch Animal Planet‚Äôs ‚ÄòPuppy Parlay‚Äô During DNC Debate Halftime Show,1
Tim Ryan Attempting To Stand Out From Other Candidates On Debate Stage By Wearing Blue Power Ranger Costume,1
Donkey Kong Left Off New ‚ÄòSuper Smash Bros.‚Äô Game After Failing To Make Weight,1
Norfolk Tides Third Baseman Sent Down To Baltimore Orioles,1
"Beautiful: When This Man Was Having Diarrhea, All His Coworkers Gathered In The Bathroom To Shout About How Incredible It Smelled So He Wouldn‚Äôt Be Embarrassed",1
"‚ÄúI wish I could get through to you with a sports analogy, young man.‚Äù Is GENIUS. Who wrote this???",1
Congress Reaches Compromise To Admit District Of Columbia Into Union As Slave State,1
"Report: Doing Your Part To Stop Climate Change Now Requires Planting 30,000 New Trees, Getting 40,000 Cars Off The Road, Reviving 20 Square Miles Of Coral Reef",1
Man Ruthlessly Scolds Other Man Online For Having Opinion He Held Less Than 2 Years Ago,1
Real Estate Developers Push To Rebrand Murder Heights Neighborhood Of Baltimore,1
Fetus Going To Pretend He Doesn‚Äôt Hear Loud Argument Coming From Other Side Of Uterine Wall,1
"Review: ‚ÄòCrash Team Racing Nitro-Fueled‚Äô Delivers Speed, Savagery, And Fun I Haven‚Äôt Felt Since My Third DUI",1
Paul Manafort Trying To Ferment Vintage Cheval Blanc In Toilet Tank,1
It‚Äôs Officially Summer! Someone Put Grandma Out On The Deck,1
"‚ÄòI Just Want A Substantive, Issues-Oriented Democratic Debate,‚Äô Lie Thousands Of Americans Hungry For Unhinged Trainwreck",1
So Apparently There Is Something Called A Salmon And It‚Äôs Freaking Adorable,1
Actually Way Worse Than The Alternative: This Teen Is Going Through Puberty With Incredible Confidence,1
Tips For Staying Civil While Debating Child Prisons,1
Baltimore Named City With Best Quality Of Pigeon Life,1
Gaming Addict Attempting To Slowly Wean Self Off Of Real Life,1
John Bolton Urges War Against The Sun After Uncovering Evidence It Has Nuclear Capabilities,1
The Onion Reviews ‚ÄòPet Sematary‚Äô,1
Taylor Swift Inspires Teen To Come Out As Straight Woman Needing To Be At Center Of Gay Rights Narrative,1
"Hot Wheels Ranked Number One Toy For Rolling Down Ramp, Knocking Over Dominoes That Send Marble Down A Funnel, Dropping Onto Teeter-Totter That Yanks On String, Causing Pulley System To Raise Wooden Block, Propelling Series Of...",1
How To Find The Best Cheap Eats In The Dumpsters Behind Los Angeles's Best Restaurants,1
We Were Paid Way Too Much Money By The National Bread Council To Post These 5 Pics Of Rye Bread,1
‚ÄòThe Lion King‚Äô Turns 25,1
Man Remembers It Summer Solstice After Noticing Group Of Pagans Fucking In Ring Of Fire On Way To Work,1
Awkward: Jeb Bush Just Showed Up To Richard Branson‚Äôs Private Island In His Swim Trunks And Asked If He Could Hang Out With Him Like Barack Obama Did,1
Little League Coach Just Washed-Up Former Little Leaguer,1
"Hot Wheels Ranked Number One Toy For Rolling Down Ramp, Knocking Over Dominoes That Send Marble Down A Funnel (cont.)",1
"James Harden, Chris Paul Deny Rumors Of Discord, Say They Are Fully Committed To Team At State Farm",1
"Fashion Designers Announce Plans to Wave With Both Hands, Bow Slightly",1
Bolton Calls For Forceful Iranian Response To Continuing U.S. Aggression,1
They really do make me laugh,1
Report: Trying To Hug Oncoming Train Still Leading Cause Of Death For Nation‚Äôs Idiots,1
Bassist Has Little Riff Ready To Go In Case Frontman Goes Around Introducing Everyone,1
Fascinating Lore: Nintendo Revealed That The Reason Mario Always Comes Back To Life After He Dies Is Because Both Heaven And Hell Reject His Soul,1
Bolton Argues War With Iran Only Way To Avenge Americans Killed In Upcoming War With Iran,1
Twitter Rant: Harry Styles Is Tweeting That He Wants One Of His Songs To Have A Parentheses At The End Of It Like ‚Äò(Original Song From DreamWorks Animation‚Äôs TROLLS)‚Äô But Doesn‚Äôt Know How To Get It That Way,1
A Reunion In The Works? Robert Plant And Jimmy Page Were Spotted At Guitar Center Buying A Led Zeppelin Tablature Book,1
Chuck Schumer: ‚ÄòThe American People Deserve A President Who Can More Credibly Justify War With Iran‚Äô,1
Rolos Unveils New Cryptocurrency Exclusively For Rolos Customers,1
U.S. Claims Drone Was Minding Own Business On Its Way To Church When Iran Attacked It Out Of Nowhere,1
Small Town Rallies To Save Boy Trapped In Hell,1
Exhilarated Woman Discovers Last Person Who Used Jigsaw Puzzle Left Lots Of Pieces Sticking Together,1
Lush Unveils New Line Of Anti-Aging Youthful Maiden BloodBombs,1
Area 8-Year-Old Formally Rescinds Hunger Complaint Following Mother‚Äôs Insulting Banana Offer,1
Anthropomorphologists Find Earliest Known Evidence Of Banana Walking Upright,1
CAQ insists religious symbol ban can't be Islamophobic if it's also anti-Semitic - The Beaverton,1
"President Trump begins the first phase of his re-election campaign spending time in Orlando Florida this week. In order to mark this year‚Äôs Juneteenth celebration, the president decided to wear black face.",1
The Onion Reviews ‚ÄòToy Story 4‚Äô,1
Alex Jones Struggling To Convince Skeptical Police After Witnessing Actual Murder In Neighbor‚Äôs Backyard,1
The Onion Reviews ‚ÄòToy Story 4‚Äô,1
U.N. Secretary General Assumes Someone Already Doing Something About Uighur Internment Camps,1
"Trump Thanks Supporters Who Sacrificed Time, Money, Friends, Family, Morals, Religious Beliefs To Be Here Today",1
The Onion Reviews ‚ÄòToy Story 4‚Äô,1
Holocaust survivors recall exact day holocaust started out of the blue,1
Police: Student Had Embarrassingly Bad Plans For School Shooting,1
Harpoon Industry Attempting Rebrand By Pointing Out Harpoons Can Harpoon Stuff Besides Whales,1
Inspiring: David Attenborough Just Told A Class Of Second-Graders That Any Of Them Could Grow Up To Stare At Animals And Describe What They‚Äôre Doing,1
The Onion Reviews ‚ÄòToy Story 4‚Äô,1
Face It: Things Can‚Äôt Be Going Well For You If You‚Äôre Turning To This List Of People Who Found Success Later In Life For Comfort,1
Warren Buffett Tells Colleagues About Exciting Investment Opportunity He Recently Discovered Selling Mary Kay Beauty Products,1
White House Claims Iran Behind Attack On Nancy Kerrigan,1
ICE Argues Migrants In Camps Are Free To Die At Any Time,1
Crime Scene Forensic Investigator Reminds Officers To Stop Shooting At Dead Body Under Sheet,1
"Josh McCown Retires After Signing One-Day Contract With Cardinals, Lions, Raiders, Dolphins, Panthers, 49ers, Bears, Buccaneers, Browns, Jets",1
Heartbreaking: Dad Is Excited Out Of His Fucking Mind After Asking A Cab Driver In Aruba To Take Us Where The Locals Eat And Getting Dropped Off At What‚Äôs Basically An Olive Garden,1
"When This Little Boy Was Being Bullied, His Parents Transferred Him To Another School Where They Apparently Thought Kids Would Magically Be Nicer For Some Reason",1
Revolt forecasted. Weather forecast for NYC.,1
Texas Instruments Announces New Plug-And-Play TI-83 Classic,1
Nike Unveils Size-Inclusive Mannequin Eating A 12-Inch Hoagie,1
Chris Paul Encourages Local Youths To Stay Out Of Foul Trouble,1
Suicide Letter Full Of Simpsons References,1
"White House Hires Top Hollywood Agent To Pitch Action-Packed, High-Concept War With Iran To American Public",1
Taylor Swift Inspires Teen To Come Out As Straight Woman Needing To Be At Center Of Gay Rights Narrative,1
Putting An End To Animal Cruelty: Here Are The Only 20 Times When It‚Äôs Ever Okay To Kill An Elephant,1
Boeing CEO Admits Company Made Mistake By Including Automatic Self-Destruct Function On All 737 Max Planes,1
"Dark, Sinister Underbelly Of Small Suburban Town Turns Out To Just Be Heroin Again",1
‚ÄòThat‚Äôs It? What The Heck Was That?‚Äô Says Dad In Scorched-Earth Review Of Movie You Suggested Family Watch Together,1
Ignorant Man Who Has Learned Nothing From History Excited About ‚ÄòStar Wars: Jedi Fallen Order‚Äô,1
How The Hell Did They Get That? There‚Äôs Somehow An Actual Roller Coaster At The Church Carnival This Year,1
